{
  "test_loss": 0.0631362646818161,
  "test_accuracy": 0.7690992951393127,
  "classification_report": {
    "Rendah": {
      "precision": 0.8245243128964059,
      "recall": 0.9215500945179584,
      "f1-score": 0.8703414416424905,
      "support": 4232.0
    },
    "Sedang": {
      "precision": 0.4983108108108108,
      "recall": 0.272895467160037,
      "f1-score": 0.3526598924088464,
      "support": 1081.0
    },
    "Tinggi": {
      "precision": 0.5765595463137996,
      "recall": 0.5669144981412639,
      "f1-score": 0.5716963448922212,
      "support": 538.0
    },
    "accuracy": 0.7690992992650829,
    "macro avg": {
      "precision": 0.633131556673672,
      "recall": 0.5871200199397532,
      "f1-score": 0.5982325596478527,
      "support": 5851.0
    },
    "weighted avg": {
      "precision": 0.7414544376313279,
      "recall": 0.7690992992650829,
      "f1-score": 0.7472368754532555,
      "support": 5851.0
    }
  },
  "confusion_matrix": [
    [
      3900,
      205,
      127
    ],
    [
      689,
      295,
      97
    ],
    [
      141,
      92,
      305
    ]
  ]
}