{
  "0": {
    "low_threshold": 0.005716690000000001,
    "high_threshold": 0.021601485000000004
  },
  "1": {
    "low_threshold": 0.006728515625,
    "high_threshold": 0.017014198055460002
  },
  "2": {
    "low_threshold": 0.04539818966656001,
    "high_threshold": 0.13136964416048
  },
  "4": {
    "low_threshold": 0.00318348616385,
    "high_threshold": 0.009190057611180002
  }
}