{
  "classification_report": {
    "Rendah": {
      "precision": 0.8241782006920415,
      "recall": 0.9005198487712666,
      "f1-score": 0.8606594399277326,
      "support": 4232.0
    },
    "Sedang": {
      "precision": 0.44709388971684055,
      "recall": 0.27752081406105455,
      "f1-score": 0.3424657534246575,
      "support": 1081.0
    },
    "Tinggi": {
      "precision": 0.5377697841726619,
      "recall": 0.5557620817843866,
      "f1-score": 0.546617915904936,
      "support": 538.0
    },
    "accuracy": 0.7537173132797812,
    "macro avg": {
      "precision": 0.603013958193848,
      "recall": 0.5779342482055693,
      "f1-score": 0.5832477030857753,
      "support": 5851.0
    },
    "weighted avg": {
      "precision": 0.7281748049901754,
      "recall": 0.7537173132797812,
      "f1-score": 0.7360445510140275,
      "support": 5851.0
    }
  },
  "confusion_matrix": [
    [
      3811,
      273,
      148
    ],
    [
      672,
      300,
      109
    ],
    [
      141,
      98,
      299
    ]
  ],
  "total_samples": 5851
}