{
  "mAP@0.5": 0.5303884897480058,
  "mAP@0.5:0.95": 0.2603984595038119,
  "precision": 0.5808431706337631,
  "recall": 0.5053848895039244
}